{
  "css": {
    "properties": {
      "background-color": {
        "__compat": {
          "mdn_url": "https://developer.mozilla.org/docs/Web/CSS/background-color",
          "support": {
            "chrome": {
              "version_added": "1"
            },
            "chrome_android": {
              "version_added": "18"
            },
            "edge": {
              "version_added": "12"
            },
            "firefox": {
              "version_added": "1"
            },
            "firefox_android": {
              "version_added": "4"
            },
            "ie": {
              "version_added": "4",
              "notes": "In Internet Explorer 8 and 9, there is a bug where a computed <code>background-color</code> of <code>transparent</code> causes <code>click</code> events to not get fired on overlaid elements."
            },
            "opera": {
              "version_added": "3.5"
            },
            "opera_android": {
              "version_added": true
            },
            "safari": {
              "version_added": "1"
            },
            "safari_ios": {
              "version_added": "1"
            },
            "samsunginternet_android": {
              "version_added": true
            },
            "webview_android": {
              "version_added": "≤37"
            }
          },
          "status": {
            "experimental": false,
            "standard_track": true,
            "deprecated": false
          }
        }
      }
    }
  }
}
