{
  "css": {
    "properties": {
      "flex-wrap": {
        "__compat": {
          "mdn_url": "https://developer.mozilla.org/docs/Web/CSS/flex-wrap",
          "support": {
            "chrome": [
              {
                "version_added": "29"
              },
              {
                "prefix": "-webkit-",
                "version_added": "21"
              }
            ],
            "chrome_android": [
              {
                "version_added": "29"
              },
              {
                "prefix": "-webkit-",
                "version_added": "25"
              }
            ],
            "edge": {
              "version_added": "12"
            },
            "firefox": {
              "version_added": "28"
            },
            "firefox_android": {
              "version_added": "52"
            },
            "ie": {
              "version_added": "11",
              "partial_implementation": true,
              "notes": "Partial support due to large number of bugs present. See <a href='https://github.com/philipwalton/flexbugs'>Flexbugs</a>."
            },
            "opera": {
              "version_added": "17"
            },
            "opera_android": {
              "version_added": "18"
            },
            "safari": [
              {
                "version_added": "9"
              },
              {
                "prefix": "-webkit-",
                "version_added": "6.1"
              }
            ],
            "safari_ios": [
              {
                "version_added": "9"
              },
              {
                "prefix": "-webkit-",
                "version_added": "6.1"
              }
            ],
            "webview_android": [
              {
                "version_added": "4.4"
              },
              {
                "prefix": "-webkit-",
                "version_added": "≤37"
              }
            ]
          },
          "status": {
            "experimental": false,
            "standard_track": true,
            "deprecated": false
          }
        }
      }
    }
  }
}
