{
  "css": {
    "properties": {
      "font": {
        "__compat": {
          "mdn_url": "https://developer.mozilla.org/docs/Web/CSS/font",
          "support": {
            "chrome": {
              "version_added": "1"
            },
            "chrome_android": {
              "version_added": "18"
            },
            "edge": {
              "version_added": "12"
            },
            "firefox": {
              "version_added": "1"
            },
            "firefox_android": {
              "version_added": "4"
            },
            "ie": {
              "version_added": "3"
            },
            "opera": {
              "version_added": "3.5"
            },
            "opera_android": {
              "version_added": true
            },
            "safari": {
              "version_added": "1"
            },
            "safari_ios": {
              "version_added": "1"
            },
            "samsunginternet_android": {
              "version_added": true
            },
            "webview_android": {
              "version_added": "≤37"
            }
          },
          "status": {
            "experimental": false,
            "standard_track": true,
            "deprecated": false
          }
        },
        "font_stretch_support": {
          "__compat": {
            "description": "Support for <code>font-stretch</code> values in shorthand",
            "support": {
              "chrome": {
                "version_added": "60"
              },
              "chrome_android": {
                "version_added": "60"
              },
              "edge": {
                "version_added": false
              },
              "firefox": {
                "version_added": "43"
              },
              "firefox_android": {
                "version_added": "43"
              },
              "ie": {
                "version_added": false
              },
              "opera": {
                "version_added": "47"
              },
              "opera_android": {
                "version_added": "44"
              },
              "safari": {
                "version_added": "11"
              },
              "safari_ios": {
                "version_added": "11"
              },
              "samsunginternet_android": {
                "version_added": "8.0"
              },
              "webview_android": {
                "version_added": "60"
              }
            },
            "status": {
              "experimental": false,
              "standard_track": true,
              "deprecated": false
            }
          }
        },
        "system_fonts": {
          "__compat": {
            "description": "System fonts",
            "support": {
              "chrome": {
                "version_added": "1"
              },
              "chrome_android": {
                "version_added": "18"
              },
              "edge": {
                "version_added": "12"
              },
              "firefox": {
                "version_added": "1"
              },
              "firefox_android": {
                "version_added": "4"
              },
              "ie": {
                "version_added": "4"
              },
              "opera": {
                "version_added": "6"
              },
              "opera_android": {
                "version_added": null
              },
              "safari": {
                "version_added": "1"
              },
              "safari_ios": {
                "version_added": "1"
              },
              "samsunginternet_android": {
                "version_added": null
              },
              "webview_android": {
                "version_added": "37"
              }
            },
            "status": {
              "experimental": false,
              "standard_track": true,
              "deprecated": false
            }
          }
        }
      }
    }
  }
}
