{
  "css": {
    "properties": {
      "font-variant-ligatures": {
        "__compat": {
          "mdn_url": "https://developer.mozilla.org/docs/Web/CSS/font-variant-ligatures",
          "support": {
            "chrome": [
              {
                "version_added": "34"
              },
              {
                "prefix": "-webkit-",
                "version_added": "31"
              }
            ],
            "chrome_android": {
              "version_added": "34"
            },
            "edge": {
              "version_added": false
            },
            "firefox": [
              {
                "version_added": "34"
              },
              {
                "version_added": "24",
                "version_removed": "34",
                "flags": [
                  {
                    "type": "preference",
                    "name": "layout.css.font-features.enabled",
                    "value_to_set": "true"
                  }
                ]
              }
            ],
            "firefox_android": [
              {
                "version_added": "34"
              },
              {
                "version_added": "24",
                "version_removed": "34",
                "flags": [
                  {
                    "type": "preference",
                    "name": "layout.css.font-features.enabled",
                    "value_to_set": "true"
                  }
                ]
              }
            ],
            "ie": {
              "version_added": false
            },
            "opera": [
              {
                "version_added": "21"
              },
              {
                "prefix": "-webkit-",
                "version_added": "19"
              }
            ],
            "opera_android": [
              {
                "version_added": "21"
              },
              {
                "prefix": "-webkit-",
                "version_added": "19"
              }
            ],
            "safari": [
              {
                "version_added": "9.1"
              },
              {
                "prefix": "-webkit-",
                "version_added": "7"
              }
            ],
            "safari_ios": [
              {
                "version_added": "9.3"
              },
              {
                "prefix": "-webkit-",
                "version_added": "7"
              }
            ],
            "samsunginternet_android": {
              "version_added": true
            },
            "webview_android": [
              {
                "version_added": "37"
              },
              {
                "prefix": "-webkit-",
                "version_added": "4.4"
              }
            ]
          },
          "status": {
            "experimental": false,
            "standard_track": true,
            "deprecated": false
          }
        }
      }
    }
  }
}
