{
  "css": {
    "properties": {
      "offset-distance": {
        "__compat": {
          "mdn_url": "https://developer.mozilla.org/docs/Web/CSS/offset-distance",
          "support": {
            "chrome": [
              {
                "version_added": "55"
              },
              {
                "alternative_name": "motion-distance",
                "version_added": "46"
              }
            ],
            "chrome_android": [
              {
                "version_added": "55"
              },
              {
                "alternative_name": "motion-distance",
                "version_added": "46"
              }
            ],
            "edge": {
              "version_added": false
            },
            "firefox": {
              "version_added": "69",
              "flags": [
                {
                  "type": "preference",
                  "name": "layout.css.motion-path.enabled",
                  "value_to_set": "true"
                }
              ]
            },
            "firefox_android": {
              "version_added": false
            },
            "ie": {
              "version_added": false
            },
            "opera": [
              {
                "version_added": "42"
              },
              {
                "alternative_name": "motion-distance",
                "version_added": "33"
              }
            ],
            "opera_android": {
              "version_added": null
            },
            "safari": {
              "version_added": false
            },
            "safari_ios": {
              "version_added": false
            },
            "samsunginternet_android": {
              "version_added": "6.0"
            },
            "webview_android": [
              {
                "version_added": "55"
              },
              {
                "alternative_name": "motion-distance",
                "version_added": "46"
              }
            ]
          },
          "status": {
            "experimental": true,
            "standard_track": true,
            "deprecated": false
          }
        }
      }
    }
  }
}
