{
  "css": {
    "properties": {
      "overflow": {
        "__compat": {
          "mdn_url": "https://developer.mozilla.org/docs/Web/CSS/overflow",
          "support": {
            "chrome": {
              "version_added": "1"
            },
            "chrome_android": {
              "version_added": "18"
            },
            "edge": {
              "version_added": "12"
            },
            "firefox": {
              "version_added": "1",
              "notes": "After Firefox 3.6, the <code>overflow</code> property is correctly applied to table group elements (<code>&lt;thead&gt;</code>, <code>&lt;tbody&gt;</code>, <code>&lt;tfoot&gt;</code>)."
            },
            "firefox_android": {
              "version_added": "4"
            },
            "ie": {
              "version_added": "4",
              "notes": "From version 4 to 6, Internet Explorer enlarges an element with <code>overflow: visible</code> (default value) to fit the content inside it. <code>height</code> and <code>width</code> behave like <code>min-height</code> and <code>min-width</code>, respectively."
            },
            "opera": {
              "version_added": "7"
            },
            "opera_android": {
              "version_added": true
            },
            "safari": {
              "version_added": "1"
            },
            "safari_ios": {
              "version_added": "1"
            },
            "samsunginternet_android": {
              "version_added": null
            },
            "webview_android": {
              "version_added": "37"
            }
          },
          "status": {
            "experimental": false,
            "standard_track": true,
            "deprecated": false
          }
        },
        "multiple_keywords": {
          "__compat": {
            "description": "Multiple keyword syntax for <code>overflow-x</code> and <code>overflow-y</code>",
            "support": {
              "chrome": {
                "version_added": "68"
              },
              "chrome_android": {
                "version_added": "68"
              },
              "edge": {
                "version_added": false
              },
              "firefox": {
                "version_added": "61"
              },
              "firefox_android": {
                "version_added": "61"
              },
              "ie": {
                "version_added": false
              },
              "opera": {
                "version_added": "55"
              },
              "opera_android": {
                "version_added": "48"
              },
              "safari": {
                "version_added": false
              },
              "safari_ios": {
                "version_added": false
              },
              "samsunginternet_android": {
                "version_added": false
              },
              "webview_android": {
                "version_added": "68"
              }
            },
            "status": {
              "experimental": true,
              "standard_track": true,
              "deprecated": false
            }
          }
        }
      }
    }
  }
}
