{
  "css": {
    "properties": {
      "quotes": {
        "__compat": {
          "mdn_url": "https://developer.mozilla.org/docs/Web/CSS/quotes",
          "support": {
            "chrome": {
              "version_added": "11"
            },
            "chrome_android": {
              "version_added": "18"
            },
            "edge": {
              "version_added": "12"
            },
            "firefox": {
              "version_added": "1.5"
            },
            "firefox_android": {
              "version_added": "4"
            },
            "ie": {
              "version_added": "8"
            },
            "opera": {
              "version_added": "4"
            },
            "opera_android": {
              "version_added": null
            },
            "safari": {
              "version_added": "9"
            },
            "safari_ios": {
              "version_added": "9"
            },
            "samsunginternet_android": {
              "version_added": null
            },
            "webview_android": {
              "version_added": "37"
            }
          },
          "status": {
            "experimental": false,
            "standard_track": true,
            "deprecated": false
          }
        },
        "quotes_auto": {
          "__compat": {
            "description": "<code>auto</code> keyword",
            "support": {
              "chrome": {
                "version_added": false,
                "notes": "This value is not supported, but the default browser behavior is to choose appropriate quotes for the user's language setting"
              },
              "chrome_android": {
                "version_added": false,
                "notes": "This value is not supported, but the default browser behavior is to choose appropriate quotes for the user's language setting"
              },
              "edge": {
                "version_added": false,
                "notes": "This value is not supported, but the default browser behavior is to choose appropriate quotes for the user's language setting"
              },
              "firefox": {
                "version_added": "70"
              },
              "firefox_android": {
                "version_added": false
              },
              "ie": {
                "version_added": false,
                "notes": "This value is not supported, but the default browser behavior is to choose appropriate quotes for the user's language setting"
              },
              "opera": {
                "version_added": false,
                "notes": "This value is not supported, but the default browser behavior is to choose appropriate quotes for the user's language setting"
              },
              "opera_android": {
                "version_added": false,
                "notes": "This value is not supported, but the default browser behavior is to choose appropriate quotes for the user's language setting"
              },
              "safari": {
                "version_added": false,
                "notes": "This value is not supported, but the default browser behavior is to choose appropriate quotes for the user's language setting"
              },
              "safari_ios": {
                "version_added": false,
                "notes": "This value is not supported, but the default browser behavior is to choose appropriate quotes for the user's language setting"
              },
              "samsunginternet_android": {
                "version_added": false,
                "notes": "This value is not supported, but the default browser behavior is to choose appropriate quotes for the user's language setting"
              },
              "webview_android": {
                "version_added": false,
                "notes": "This value is not supported, but the default browser behavior is to choose appropriate quotes for the user's language setting"
              }
            },
            "status": {
              "experimental": false,
              "standard_track": true,
              "deprecated": false
            }
          }
        }
      }
    }
  }
}
