{
  "css": {
    "properties": {
      "resize": {
        "__compat": {
          "mdn_url": "https://developer.mozilla.org/docs/Web/CSS/resize",
          "support": {
            "chrome": {
              "version_added": "1"
            },
            "chrome_android": {
              "version_added": "18"
            },
            "edge": {
              "version_added": false
            },
            "firefox": {
              "version_added": "4"
            },
            "firefox_android": {
              "version_added": "4"
            },
            "ie": {
              "version_added": false
            },
            "opera": {
              "version_added": "12.1"
            },
            "opera_android": {
              "version_added": null
            },
            "safari": {
              "version_added": "3"
            },
            "safari_ios": {
              "version_added": "1"
            },
            "samsunginternet_android": {
              "version_added": null
            },
            "webview_android": {
              "version_added": "37"
            }
          },
          "status": {
            "experimental": false,
            "standard_track": true,
            "deprecated": false
          }
        },
        "block_level_support": {
          "__compat": {
            "description": "Support on block level, replaced, table cell, or inline block elements",
            "support": {
              "chrome": {
                "version_added": "4"
              },
              "chrome_android": {
                "version_added": "18"
              },
              "edge": {
                "version_added": false
              },
              "firefox": {
                "version_added": "5",
                "notes": "<code>resize</code> doesn't have any effect on <a href='https://developer.mozilla.org/docs/Web/HTML/Element/iframe'><code>&lt;iframe&gt;</code></a>. See <a href='https://bugzil.la/680823'>bug 680823</a>)"
              },
              "firefox_android": {
                "version_added": "5",
                "notes": "<code>resize</code> doesn't have any effect on <a href='https://developer.mozilla.org/docs/Web/HTML/Element/iframe'><code>&lt;iframe&gt;</code></a>. See <a href='https://bugzil.la/680823'>bug 680823</a>)"
              },
              "ie": {
                "version_added": false
              },
              "opera": {
                "version_added": "15"
              },
              "opera_android": {
                "version_added": null
              },
              "safari": {
                "version_added": "4"
              },
              "safari_ios": {
                "version_added": "3.2"
              },
              "samsunginternet_android": {
                "version_added": null
              },
              "webview_android": {
                "version_added": "37"
              }
            },
            "status": {
              "experimental": false,
              "standard_track": true,
              "deprecated": false
            }
          }
        },
        "flow_relative_support": {
          "__compat": {
            "description": "Support for flow-relative values <code>block</code> and <code>inline</code>",
            "support": {
              "chrome": {
                "version_added": false
              },
              "chrome_android": {
                "version_added": false
              },
              "edge": {
                "version_added": false
              },
              "firefox": {
                "version_added": "63"
              },
              "firefox_android": {
                "version_added": "63"
              },
              "ie": {
                "version_added": false
              },
              "opera": {
                "version_added": false
              },
              "opera_android": {
                "version_added": false
              },
              "safari": {
                "version_added": false
              },
              "safari_ios": {
                "version_added": false
              },
              "samsunginternet_android": {
                "version_added": false
              },
              "webview_android": {
                "version_added": false
              }
            },
            "status": {
              "experimental": false,
              "standard_track": true,
              "deprecated": false
            }
          }
        }
      }
    }
  }
}
