{
  "css": {
    "properties": {
      "text-decoration-thickness": {
        "__compat": {
          "mdn_url": "https://developer.mozilla.org/docs/Web/CSS/text-decoration-thickness",
          "support": {
            "chrome": {
              "version_added": false
            },
            "chrome_android": {
              "version_added": false
            },
            "edge": {
              "version_added": false
            },
            "firefox": [
              {
                "version_added": "70"
              },
              {
                "version_added": "69",
                "alternative_name": "text-decoration-width",
                "flags": [
                  {
                    "type": "preference",
                    "name": "layout.css.text-decoration-width.enabled",
                    "value_to_set": "true"
                  }
                ]
              }
            ],
            "firefox_android": {
              "version_added": false
            },
            "ie": {
              "version_added": false
            },
            "opera": {
              "version_added": false
            },
            "opera_android": {
              "version_added": false
            },
            "safari": {
              "version_added": "12.1"
            },
            "safari_ios": {
              "version_added": "12.2"
            },
            "samsunginternet_android": {
              "version_added": false
            },
            "webview_android": {
              "version_added": false
            }
          },
          "status": {
            "experimental": true,
            "standard_track": true,
            "deprecated": false
          }
        }
      }
    }
  }
}
