#parse("XML File Header.xml")
<idea-plugin>
    <id>${PLUGIN_ID}</id>
    <name>Plugin display name here</name>
    <vendor email="support@yourcompany.com" url="http://www.yourcompany.com">YourCompany</vendor>

    <description><![CDATA[
    Enter short description for your plugin here.<br>
    <em>most HTML tags may be used</em>
    ]]></description>

    <!-- please see https://www.jetbrains.org/intellij/sdk/docs/basics/getting_started/plugin_compatibility.html
         on how to target different products -->
    <depends>com.intellij.modules.platform</depends>

    <extensions defaultExtensionNs="com.intellij">
        <!-- Add your extensions here -->
    </extensions>

    <actions>
        <!-- Add your actions here -->
    </actions>
</idea-plugin>