#parse("XML File Header.xml")
<project xmlns="http://maven.apache.org/POM/4.0.0"
         xmlns:xsi="http://www.w3.org/2001/XMLSchema-instance"
         xsi:schemaLocation="http://maven.apache.org/POM/4.0.0 http://maven.apache.org/xsd/maven-4.0.0.xsd">
    <modelVersion>4.0.0</modelVersion>

#if (${HAS_PARENT})
    <parent>
        <groupId>${PARENT_GROUP_ID}</groupId>
        <artifactId>${PARENT_ARTIFACT_ID}</artifactId>
        <version>${PARENT_VERSION}</version>
#if (${HAS_RELATIVE_PATH})
        <relativePath>${PARENT_RELATIVE_PATH}</relativePath>
#end
    </parent>

#end
    <groupId>${GROUP_ID}</groupId>
    <artifactId>${ARTIFACT_ID}</artifactId>
    <version>${VERSION}</version>
    
    <build>
        <plugins>
            <plugin>
                <groupId>org.apache.maven.plugins</groupId>
                <artifactId>maven-compiler-plugin</artifactId>
                <version>3.8.1</version>
                <configuration>
                    <source>11</source>
                    <target>11</target>
                    <encoding>utf-8</encoding>
                </configuration>
            </plugin>
        </plugins>
    </build>
    ${END}
</project>