#parse("XML File Header.xml")
<project xmlns="http://maven.apache.org/POM/4.0.0" xmlns:xsi="http://www.w3.org/2001/XMLSchema-instance"
         xsi:schemaLocation="http://maven.apache.org/POM/4.0.0 http://maven.apache.org/maven-v4_0_0.xsd">

    <modelVersion>4.0.0</modelVersion>
    <groupId>${GROUP}</groupId>
    <artifactId>${ARTIFACT}</artifactId>
    <packaging>war</packaging>
    <version>1.0-SNAPSHOT</version>
    <name>${NAME}</name>

    <build>
        <resources>
            <resource>
                <directory>${SOURCE_PATH}</directory>
                <includes>
                    <include>**/*.tml</include>
                    <include>**/*.properties</include>
                </includes>
            </resource>
        </resources>
        <plugins>
            <plugin>
                <groupId>org.apache.maven.plugins</groupId>
                <artifactId>maven-compiler-plugin</artifactId>
                <configuration>
                    <source>1.5</source>
                    <target>1.5</target>
                </configuration>
            </plugin>
        </plugins>
    </build>

    <dependencies>
        <dependency>
            <groupId>org.apache.tapestry</groupId>
            <artifactId>tapestry-core</artifactId>
            <version>${TAPESTRY_VERSION}</version>
        </dependency>
    </dependencies>
</project>
